# Trailing slash canonicalization (sitewide) — Netlify-compatible patterns
/:splat/index.html   /:splat/   301!
/:splat.html         /:splat/   301!

# Extra top-priority scoping (avoid duplicates)
/index.html           /              301!
/es/index.html        /es/           301!

# Domain redirects - redirect to non-www HTTPS version
http://affordable-handbags.com/*   https://affordable-handbags.com/:splat   301!
http://www.affordable-handbags.com/*   https://affordable-handbags.com/:splat   301!
https://www.affordable-handbags.com/*   https://affordable-handbags.com/:splat   301!

# Redirect Netlify subdomain to custom domain
https://mejoresbolsos.netlify.app/*   https://affordable-handbags.com/:splat   301!
https://affordable-handbags.netlify.app/*   https://affordable-handbags.com/:splat   301!

# Redirect old Spanish URLs to new English URLs
/articulos/resistentes-estilo-mejores-mochilas-dia-dia-2025   /articles/best-durable-stylish-backpacks-2025   301
/articulos/*   /articles/:splat   301

# Redirect mistakenly crawled English Spanish-path URLs
/en/articulos/*   /articles/:splat   301

# Ensure base /en/articulos resolves to Articles index
/en/articulos   /articles/   301
/en/articulos/  /articles/   301
/en/articulos/index.html   /articles/   301

# Redirect legacy Spanish /es/articulos paths to canonical /es/articles
/es/articulos/*   /es/articles/:splat   301
/es/articulos     /es/articles/         301
/es/articulos/    /es/articles/         301
/es/articulos/index.html   /es/articles/ 301

# Redirect Spanish article slugs to English equivalents
/articles/3-bolsos-panales-funcionales-mamas-2025.html   /articles/3-functional-diaper-bags-moms-2025.html   301
/articles/3-carteras-rfid-seguridad-2025.html   /articles/3-rfid-security-wallets-2025.html   301
/articles/3-carteras-wristlet-mujeres-2025.html   /articles/3-wristlet-wallets-women-2025.html   301
/articles/3-mochilas-profesionales-estilosas-2025.html   /articles/3-stylish-professional-backpacks-2025.html   301
/articles/3-tote-bags-funcionales-universidad-2025.html   /articles/3-functional-university-tote-bags-2025.html   301
/articles/3-tote-bags-populares-amazon-2025.html   /articles/3-popular-amazon-tote-bags-2025.html   301
/articles/3-tote-bags-reutilizables-compras-2025.html   /articles/3-reusable-shopping-tote-bags-2025.html   301
/articles/bolso-minimalista-dia-dia-2025.html   /articles/minimalist-daily-bag-2025.html   301
/articles/bolsos-de-mano.html   /articles/handbags.html   301
/articles/carteras-divertidas-unicas-regalo-2025.html   /articles/fun-unique-gift-wallets-2025.html   301
/articles/carteras.html   /articles/wallets.html   301
/articles/como-elegir-bolso-mano-perfecto-2025.html   /articles/how-to-choose-perfect-handbag-2025.html   301
/articles/las-mejores-mochilas-mano-viajar-ligero-2025.html   /articles/best-lightweight-travel-backpacks-2025.html   301
/articles/mejores-bolsos-mano-bodas-2025.html   /articles/best-wedding-handbags-2025.html   301
/articles/mochilas-para-laptop-proteccion-estilo-2025.html   /articles/laptop-backpacks-protection-style-2025.html   301
/articles/mochilas.html   /articles/backpacks.html   301
/articles/resistentes-estilo-mejores-mochilas-dia-dia-2025.html   /articles/best-durable-stylish-backpacks-2025.html   301
/articles/top-5-carteras-mujeres-profesionales-2025.html   /articles/top-5-professional-women-wallets-2025.html   301
/articles/viajar-ligera-bolsos-aventureras-2025.html   /articles/travel-light-adventure-bags-2025.html   301

# Redirect Spanish categorias to English categories
/categorias/   /categories/   301
/categorias/bolsos-de-mano/   /categories/bolsos-de-mano/   301
/categorias/mochilas/   /categories/mochilas/   301
/categorias/carteras/   /categories/carteras/   301
/categorias/tote-bags/   /categories/tote-bags/   301

# Redirect Spanish privacy policy to English
/politica-privacidad.html   /privacy-policy.html   301

# Redirect Spanish affiliate disclosure to English
/aviso-afiliados.html   /affiliate-disclosure.html   301

# Serve trailing-slash article URLs from underlying .html files (avoid loops)
/articles/:splat/        /articles/:splat.html        200
/es/articles/:splat/     /es/articles/:splat.html     200

# Serve homepages from their index files to avoid any generic trailing-slash 301 side-effects
/               /index.html              200
/es/            /es/index.html           200

# Ensure static assets are served directly
/photos/*   /photos/:splat   200
/assets/*   /assets/:splat   200
/images/*   /images/:splat   200

# Ensure image files are served with correct content type
/*.jpg   /:splat   200
/*.jpeg   /:splat   200
/*.png   /:splat   200
/*.gif   /:splat   200
/*.webp   /:splat   200